{
  "project_info": {
    "project_number": "903965347757",
    "firebase_url": "https://forestpublishing-7bb1f.firebaseio.com",
    "project_id": "forestpublishing-7bb1f",
    "storage_bucket": "forestpublishing-7bb1f.appspot.com"
  },
  "client": [
    {
      "client_info": {
        "mobilesdk_app_id": "1:903965347757:android:3c9023e440bf977b",
        "android_client_info": {
          "package_name": "jp.co.hiropro.alex"
        }
      },
      "oauth_client": [
        {
          "client_id": "903965347757-a6hfmfchtq91ltbqgu2sce5jnsibrkai.apps.googleusercontent.com",
          "client_type": 1,
          "android_info": {
            "package_name": "jp.co.hiropro.alex",
            "certificate_hash": "5a5a8a463bf1573811ee961955acc417a5cb1a49"
          }
        },
        {
          "client_id": "903965347757-pi37ca9ut4a8oqghaicadqfm7s4uaopc.apps.googleusercontent.com",
          "client_type": 1,
          "android_info": {
            "package_name": "jp.co.hiropro.alex",
            "certificate_hash": "828367c6cf0a0dae9a74eccec3f3fd3a2b4b2a7f"
          }
        },
        {
          "client_id": "903965347757-a6gg27trm7ovse5b2jm34jjafqv51156.apps.googleusercontent.com",
          "client_type": 3
        }
      ],
      "api_key": [
        {
          "current_key": "AIzaSyBuFDReGQdDwOM2N-AnHLRzle1431k081U"
        },
        {
          "current_key": "AIzaSyCUyu1TL5jBObXeEisDwsvoEyMgfmxnY74"
        }
      ],
      "services": {
        "analytics_service": {
          "status": 1
        },
        "appinvite_service": {
          "status": 2,
          "other_platform_oauth_client": [
            {
              "client_id": "903965347757-a6gg27trm7ovse5b2jm34jjafqv51156.apps.googleusercontent.com",
              "client_type": 3
            }
          ]
        },
        "ads_service": {
          "status": 2
        }
      }
    },
    {
      "client_info": {
        "mobilesdk_app_id": "1:903965347757:android:5e73129f14805df5",
        "android_client_info": {
          "package_name": "jp.co.hiropro.armsedition"
        }
      },
      "oauth_client": [
        {
          "client_id": "903965347757-7ldspd10770er7hi64195r97r36hebdn.apps.googleusercontent.com",
          "client_type": 1,
          "android_info": {
            "package_name": "jp.co.hiropro.armsedition",
            "certificate_hash": "828367c6cf0a0dae9a74eccec3f3fd3a2b4b2a7f"
          }
        },
        {
          "client_id": "903965347757-a6gg27trm7ovse5b2jm34jjafqv51156.apps.googleusercontent.com",
          "client_type": 3
        }
      ],
      "api_key": [
        {
          "current_key": "AIzaSyBuFDReGQdDwOM2N-AnHLRzle1431k081U"
        },
        {
          "current_key": "AIzaSyCUyu1TL5jBObXeEisDwsvoEyMgfmxnY74"
        }
      ],
      "services": {
        "analytics_service": {
          "status": 1
        },
        "appinvite_service": {
          "status": 2,
          "other_platform_oauth_client": [
            {
              "client_id": "903965347757-a6gg27trm7ovse5b2jm34jjafqv51156.apps.googleusercontent.com",
              "client_type": 3
            }
          ]
        },
        "ads_service": {
          "status": 2
        }
      }
    },
    {
      "client_info": {
        "mobilesdk_app_id": "1:903965347757:android:deb1f0ec4c0e88fb",
        "android_client_info": {
          "package_name": "jp.co.hiropro.cinq"
        }
      },
      "oauth_client": [
        {
          "client_id": "903965347757-si6lm7pq6nqvmaigh804cfi11617rtkg.apps.googleusercontent.com",
          "client_type": 1,
          "android_info": {
            "package_name": "jp.co.hiropro.cinq",
            "certificate_hash": "828367c6cf0a0dae9a74eccec3f3fd3a2b4b2a7f"
          }
        },
        {
          "client_id": "903965347757-a6gg27trm7ovse5b2jm34jjafqv51156.apps.googleusercontent.com",
          "client_type": 3
        }
      ],
      "api_key": [
        {
          "current_key": "AIzaSyBuFDReGQdDwOM2N-AnHLRzle1431k081U"
        },
        {
          "current_key": "AIzaSyCUyu1TL5jBObXeEisDwsvoEyMgfmxnY74"
        }
      ],
      "services": {
        "analytics_service": {
          "status": 1
        },
        "appinvite_service": {
          "status": 2,
          "other_platform_oauth_client": [
            {
              "client_id": "903965347757-a6gg27trm7ovse5b2jm34jjafqv51156.apps.googleusercontent.com",
              "client_type": 3
            }
          ]
        },
        "ads_service": {
          "status": 2
        }
      }
    },
    {
      "client_info": {
        "mobilesdk_app_id": "1:903965347757:android:f8c22bb45082dad7",
        "android_client_info": {
          "package_name": "jp.co.hiropro.cinqjp"
        }
      },
      "oauth_client": [
        {
          "client_id": "903965347757-eja2e35eb0vh6012l6ig882h51790lq8.apps.googleusercontent.com",
          "client_type": 1,
          "android_info": {
            "package_name": "jp.co.hiropro.cinqjp",
            "certificate_hash": "828367c6cf0a0dae9a74eccec3f3fd3a2b4b2a7f"
          }
        },
        {
          "client_id": "903965347757-a6gg27trm7ovse5b2jm34jjafqv51156.apps.googleusercontent.com",
          "client_type": 3
        }
      ],
      "api_key": [
        {
          "current_key": "AIzaSyBuFDReGQdDwOM2N-AnHLRzle1431k081U"
        },
        {
          "current_key": "AIzaSyCUyu1TL5jBObXeEisDwsvoEyMgfmxnY74"
        }
      ],
      "services": {
        "analytics_service": {
          "status": 1
        },
        "appinvite_service": {
          "status": 2,
          "other_platform_oauth_client": [
            {
              "client_id": "903965347757-a6gg27trm7ovse5b2jm34jjafqv51156.apps.googleusercontent.com",
              "client_type": 3
            }
          ]
        },
        "ads_service": {
          "status": 2
        }
      }
    },
    {
      "client_info": {
        "mobilesdk_app_id": "1:903965347757:android:63ea5ae71f53105f",
        "android_client_info": {
          "package_name": "jp.co.hiropro.evergreen"
        }
      },
      "oauth_client": [
        {
          "client_id": "903965347757-5h7cf8bobfp18d1057m2esmrdcgkhn9k.apps.googleusercontent.com",
          "client_type": 1,
          "android_info": {
            "package_name": "jp.co.hiropro.evergreen",
            "certificate_hash": "3bb9e3d0709d841f40218bf5fc06ad1a8c3ecee4"
          }
        },
        {
          "client_id": "903965347757-7t8294hlm5gtfpubk9c15r388v0avnt0.apps.googleusercontent.com",
          "client_type": 1,
          "android_info": {
            "package_name": "jp.co.hiropro.evergreen",
            "certificate_hash": "828367c6cf0a0dae9a74eccec3f3fd3a2b4b2a7f"
          }
        },
        {
          "client_id": "903965347757-a6gg27trm7ovse5b2jm34jjafqv51156.apps.googleusercontent.com",
          "client_type": 3
        }
      ],
      "api_key": [
        {
          "current_key": "AIzaSyBuFDReGQdDwOM2N-AnHLRzle1431k081U"
        },
        {
          "current_key": "AIzaSyCUyu1TL5jBObXeEisDwsvoEyMgfmxnY74"
        }
      ],
      "services": {
        "analytics_service": {
          "status": 1
        },
        "appinvite_service": {
          "status": 2,
          "other_platform_oauth_client": [
            {
              "client_id": "903965347757-a6gg27trm7ovse5b2jm34jjafqv51156.apps.googleusercontent.com",
              "client_type": 3
            }
          ]
        },
        "ads_service": {
          "status": 2
        }
      }
    },
    {
      "client_info": {
        "mobilesdk_app_id": "1:903965347757:android:810379f8432ab345",
        "android_client_info": {
          "package_name": "jp.co.hiropro.forest"
        }
      },
      "oauth_client": [
        {
          "client_id": "903965347757-ufceiv0hvaccftqu6vb3ib4vdjk7vl4c.apps.googleusercontent.com",
          "client_type": 1,
          "android_info": {
            "package_name": "jp.co.hiropro.forest",
            "certificate_hash": "828367c6cf0a0dae9a74eccec3f3fd3a2b4b2a7f"
          }
        },
        {
          "client_id": "903965347757-a6gg27trm7ovse5b2jm34jjafqv51156.apps.googleusercontent.com",
          "client_type": 3
        }
      ],
      "api_key": [
        {
          "current_key": "AIzaSyBuFDReGQdDwOM2N-AnHLRzle1431k081U"
        },
        {
          "current_key": "AIzaSyCUyu1TL5jBObXeEisDwsvoEyMgfmxnY74"
        }
      ],
      "services": {
        "analytics_service": {
          "status": 1
        },
        "appinvite_service": {
          "status": 2,
          "other_platform_oauth_client": [
            {
              "client_id": "903965347757-a6gg27trm7ovse5b2jm34jjafqv51156.apps.googleusercontent.com",
              "client_type": 3
            }
          ]
        },
        "ads_service": {
          "status": 2
        }
      }
    },
    {
      "client_info": {
        "mobilesdk_app_id": "1:903965347757:android:fd9d961d82aeda2c",
        "android_client_info": {
          "package_name": "jp.co.hiropro.jackapp"
        }
      },
      "oauth_client": [
        {
          "client_id": "903965347757-66mfpc8cmvlgcdhsfu38jfvi6rpeb16j.apps.googleusercontent.com",
          "client_type": 1,
          "android_info": {
            "package_name": "jp.co.hiropro.jackapp",
            "certificate_hash": "828367c6cf0a0dae9a74eccec3f3fd3a2b4b2a7f"
          }
        },
        {
          "client_id": "903965347757-a6gg27trm7ovse5b2jm34jjafqv51156.apps.googleusercontent.com",
          "client_type": 3
        }
      ],
      "api_key": [
        {
          "current_key": "AIzaSyBuFDReGQdDwOM2N-AnHLRzle1431k081U"
        },
        {
          "current_key": "AIzaSyCUyu1TL5jBObXeEisDwsvoEyMgfmxnY74"
        }
      ],
      "services": {
        "analytics_service": {
          "status": 1
        },
        "appinvite_service": {
          "status": 2,
          "other_platform_oauth_client": [
            {
              "client_id": "903965347757-a6gg27trm7ovse5b2jm34jjafqv51156.apps.googleusercontent.com",
              "client_type": 3
            }
          ]
        },
        "ads_service": {
          "status": 2
        }
      }
    },
    {
      "client_info": {
        "mobilesdk_app_id": "1:903965347757:android:96031c166fda669b",
        "android_client_info": {
          "package_name": "jp.co.hiropro.jackapp_testpurchase"
        }
      },
      "oauth_client": [
        {
          "client_id": "903965347757-bpo72hn0cnpmpb1h7m2e1lk9mifvro9c.apps.googleusercontent.com",
          "client_type": 1,
          "android_info": {
            "package_name": "jp.co.hiropro.jackapp_testpurchase",
            "certificate_hash": "828367c6cf0a0dae9a74eccec3f3fd3a2b4b2a7f"
          }
        },
        {
          "client_id": "903965347757-a6gg27trm7ovse5b2jm34jjafqv51156.apps.googleusercontent.com",
          "client_type": 3
        }
      ],
      "api_key": [
        {
          "current_key": "AIzaSyBuFDReGQdDwOM2N-AnHLRzle1431k081U"
        },
        {
          "current_key": "AIzaSyCUyu1TL5jBObXeEisDwsvoEyMgfmxnY74"
        }
      ],
      "services": {
        "analytics_service": {
          "status": 1
        },
        "appinvite_service": {
          "status": 2,
          "other_platform_oauth_client": [
            {
              "client_id": "903965347757-a6gg27trm7ovse5b2jm34jjafqv51156.apps.googleusercontent.com",
              "client_type": 3
            }
          ]
        },
        "ads_service": {
          "status": 2
        }
      }
    },
    {
      "client_info": {
        "mobilesdk_app_id": "1:903965347757:android:4d033ca1cb194423",
        "android_client_info": {
          "package_name": "jp.co.hiropro.speech"
        }
      },
      "oauth_client": [
        {
          "client_id": "903965347757-st6ti0fia98joh0tv9ddsn7rgeitg3gr.apps.googleusercontent.com",
          "client_type": 1,
          "android_info": {
            "package_name": "jp.co.hiropro.speech",
            "certificate_hash": "828367c6cf0a0dae9a74eccec3f3fd3a2b4b2a7f"
          }
        },
        {
          "client_id": "903965347757-a6gg27trm7ovse5b2jm34jjafqv51156.apps.googleusercontent.com",
          "client_type": 3
        }
      ],
      "api_key": [
        {
          "current_key": "AIzaSyBuFDReGQdDwOM2N-AnHLRzle1431k081U"
        },
        {
          "current_key": "AIzaSyCUyu1TL5jBObXeEisDwsvoEyMgfmxnY74"
        }
      ],
      "services": {
        "analytics_service": {
          "status": 1
        },
        "appinvite_service": {
          "status": 2,
          "other_platform_oauth_client": [
            {
              "client_id": "903965347757-a6gg27trm7ovse5b2jm34jjafqv51156.apps.googleusercontent.com",
              "client_type": 3
            }
          ]
        },
        "ads_service": {
          "status": 2
        }
      }
    },
    {
      "client_info": {
        "mobilesdk_app_id": "1:903965347757:android:d67989d4584ab974",
        "android_client_info": {
          "package_name": "jp.co.hiropro.speechjapan"
        }
      },
      "oauth_client": [
        {
          "client_id": "903965347757-u5roaq4vmecc7ijtos14ju260h2mmc6p.apps.googleusercontent.com",
          "client_type": 1,
          "android_info": {
            "package_name": "jp.co.hiropro.speechjapan",
            "certificate_hash": "828367c6cf0a0dae9a74eccec3f3fd3a2b4b2a7f"
          }
        },
        {
          "client_id": "903965347757-a6gg27trm7ovse5b2jm34jjafqv51156.apps.googleusercontent.com",
          "client_type": 3
        }
      ],
      "api_key": [
        {
          "current_key": "AIzaSyBuFDReGQdDwOM2N-AnHLRzle1431k081U"
        },
        {
          "current_key": "AIzaSyCUyu1TL5jBObXeEisDwsvoEyMgfmxnY74"
        }
      ],
      "services": {
        "analytics_service": {
          "status": 1
        },
        "appinvite_service": {
          "status": 2,
          "other_platform_oauth_client": [
            {
              "client_id": "903965347757-a6gg27trm7ovse5b2jm34jjafqv51156.apps.googleusercontent.com",
              "client_type": 3
            }
          ]
        },
        "ads_service": {
          "status": 2
        }
      }
    },
    {
      "client_info": {
        "mobilesdk_app_id": "1:903965347757:android:06a9c32a97911bc9",
        "android_client_info": {
          "package_name": "vn.hanelsoft.forestpublishing"
        }
      },
      "oauth_client": [
        {
          "client_id": "903965347757-qdgrcbkeg8cvd9tv74etnau6ie070eco.apps.googleusercontent.com",
          "client_type": 1,
          "android_info": {
            "package_name": "vn.hanelsoft.forestpublishing",
            "certificate_hash": "828367c6cf0a0dae9a74eccec3f3fd3a2b4b2a7f"
          }
        },
        {
          "client_id": "903965347757-a6gg27trm7ovse5b2jm34jjafqv51156.apps.googleusercontent.com",
          "client_type": 3
        }
      ],
      "api_key": [
        {
          "current_key": "AIzaSyBuFDReGQdDwOM2N-AnHLRzle1431k081U"
        },
        {
          "current_key": "AIzaSyCUyu1TL5jBObXeEisDwsvoEyMgfmxnY74"
        }
      ],
      "services": {
        "analytics_service": {
          "status": 1
        },
        "appinvite_service": {
          "status": 2,
          "other_platform_oauth_client": [
            {
              "client_id": "903965347757-a6gg27trm7ovse5b2jm34jjafqv51156.apps.googleusercontent.com",
              "client_type": 3
            }
          ]
        },
        "ads_service": {
          "status": 2
        }
      }
    }
  ],
  "configuration_version": "1"
}